,City,Lat,Lng,Max Temp,Humidity,Cloudiness,Wind Speed,Country,Date
0,moroni,-11.7,43.26,77.63,73,26,18.66,KM,1589651582
1,namatanai,-3.67,152.43,79.84,81,2,6.67,PG,1589651582
2,punta arenas,-53.15,-70.92,41.0,86,75,5.82,CL,1589651268
3,capilla de guadalupe,20.83,-102.58,77.05,19,0,11.07,MX,1589651583
4,hamilton,39.18,-84.53,75.99,78,90,6.82,US,1589651583
5,porterville,36.07,-119.02,75.0,49,1,4.7,US,1589651583
6,provideniya,64.38,-173.3,40.35,66,19,10.87,RU,1589651583
7,hilo,19.73,-155.09,75.99,69,90,5.82,US,1589651262
8,port alfred,-33.59,26.89,55.0,81,52,3.0,ZA,1589651584
9,hermanus,-34.42,19.23,52.0,84,62,1.48,ZA,1589651584
10,butaritari,3.07,172.79,82.87,76,15,10.25,KI,1589651584
11,albany,42.6,-73.97,73.99,39,11,1.01,US,1589651162
12,ancud,-41.87,-73.82,61.0,67,75,5.82,CL,1589651585
13,georgetown,5.41,100.34,78.8,100,40,3.36,MY,1589651291
14,upernavik,72.79,-56.15,31.01,96,45,13.11,GL,1589651585
15,lagoa,39.05,-27.98,65.12,88,98,14.38,PT,1589651585
16,puerto carreno,6.19,-67.49,89.6,55,40,2.24,CO,1589651585
17,arraial do cabo,-22.97,-42.03,75.2,73,40,11.41,BR,1589651508
18,conceicao do araguaia,-8.26,-49.26,86.0,70,20,5.82,BR,1589651586
19,yerofey pavlovich,53.97,121.97,43.83,69,76,6.53,RU,1589651586
20,east london,-33.02,27.91,63.43,61,16,3.42,ZA,1589651586
21,aksay,47.26,39.87,52.0,76,74,4.47,RU,1589651586
22,tevaitoa,-16.78,-151.5,82.44,75,15,8.37,PF,1589651586
23,purpe,64.48,76.69,46.99,86,100,11.16,RU,1589651587
24,ushuaia,-54.8,-68.3,44.6,81,40,4.7,AR,1589651240
25,vaini,-21.2,-175.2,66.2,93,20,4.7,TO,1589651587
26,zunyi,27.69,106.91,64.8,85,62,3.42,CN,1589651587
27,fortuna,40.6,-124.16,61.0,72,40,16.11,US,1589651267
28,thompson,55.74,-97.86,57.2,28,75,11.41,CA,1589651588
29,minna,9.61,6.56,95.0,47,20,14.99,NG,1589651588
30,mataura,-46.19,168.86,38.5,87,9,2.24,NZ,1589651588
31,aneho,6.23,1.6,87.8,74,20,12.75,TG,1589651588
32,bulungu,-4.55,18.6,76.46,70,58,1.12,CD,1589651588
33,dicabisagan,17.08,122.42,80.71,84,80,10.47,PH,1589651589
34,perth,-31.93,115.83,59.0,72,65,8.05,AU,1589651483
35,hasaki,35.73,140.83,63.0,100,75,9.17,JP,1589651589
36,severo-kurilsk,50.68,156.12,35.56,87,97,7.07,RU,1589651589
37,antalaha,-14.9,50.28,75.0,84,1,6.49,MG,1589651590
38,anshun,26.25,105.93,62.65,81,98,4.61,CN,1589651590
39,pathein,16.78,94.73,84.13,71,100,5.82,MM,1589651590
40,tasiilaq,65.61,-37.64,39.2,60,20,13.87,GL,1589651590
41,chuy,-33.7,-53.46,72.43,51,0,14.29,UY,1589651591
42,avarua,-21.21,-159.78,77.0,73,75,12.75,CK,1589651591
43,shahapur,19.45,73.33,87.8,74,40,4.7,IN,1589651554
44,torbay,47.67,-52.73,43.0,75,90,8.05,CA,1589651591
45,port hawkesbury,45.62,-61.35,46.99,75,90,6.93,CA,1589651592
46,yellowknife,62.46,-114.35,32.0,70,75,16.11,CA,1589651592
47,kawalu,-7.38,108.21,74.84,92,87,0.94,ID,1589651592
48,hami,42.8,93.45,79.99,17,100,12.75,CN,1589651592
49,gisborne,-38.65,178.0,51.01,99,89,1.99,NZ,1589651520
50,oussouye,12.48,-16.55,93.2,69,0,9.17,SN,1589651269
51,rikitea,-23.12,-134.97,77.13,83,100,16.42,PF,1589651219
52,havoysund,71.0,24.66,37.4,86,100,19.46,NO,1589651593
53,kruisfontein,-34.0,24.73,51.84,85,97,3.11,ZA,1589651593
54,hithadhoo,-0.6,73.08,84.7,77,67,18.57,MV,1589651265
55,bredasdorp,-34.53,20.04,55.4,71,68,2.24,ZA,1589651507
56,kamina,-8.74,24.99,68.99,72,2,2.62,CD,1589651593
57,cabo san lucas,22.89,-109.91,84.99,57,5,6.93,MX,1589651590
58,maxixe,-23.86,35.35,73.4,78,2,4.7,MZ,1589651594
59,geraldton,-28.77,114.6,55.4,87,68,4.7,AU,1589651594
60,rosetta,31.4,30.42,80.6,47,51,9.17,EG,1589651594
61,busselton,-33.65,115.33,54.0,49,60,8.23,AU,1589651594
62,buenaventura,3.88,-77.03,85.1,78,40,5.26,CO,1589651303
63,cape town,-33.93,18.42,57.99,67,54,4.7,ZA,1589651168
64,hovd,48.01,91.64,62.19,30,49,5.19,MN,1589651595
65,lubumbashi,-11.66,27.48,61.97,70,0,3.04,CD,1589651595
66,praia da vitoria,38.73,-27.07,69.8,73,75,13.53,PT,1589651595
67,saldanha,-33.01,17.94,59.0,67,1,8.05,ZA,1589651595
68,marzuq,14.4,46.47,85.62,34,11,3.33,YE,1589651596
69,imbituba,-28.24,-48.67,73.4,49,0,10.29,BR,1589651596
70,ballina,-28.87,153.57,59.0,93,40,8.05,AU,1589651596
71,talnakh,69.49,88.4,37.4,86,40,29.08,RU,1589651596
72,kaitangata,-46.28,169.85,44.01,83,0,5.01,NZ,1589651507
73,zhigansk,66.77,123.37,37.53,87,39,8.93,RU,1589651597
74,fallon,39.47,-118.78,68.0,20,1,10.29,US,1589651597
75,vila franca do campo,37.72,-25.43,62.6,88,75,8.05,PT,1589651597
76,kodiak,57.79,-152.41,46.4,93,90,3.69,US,1589651597
77,mahebourg,-20.41,57.7,71.6,88,20,2.24,MU,1589651597
78,ixtapa,20.7,-105.2,81.0,65,5,10.29,MX,1589651374
79,chokurdakh,70.63,147.92,19.72,97,0,7.31,RU,1589651598
80,airai,-8.93,125.41,61.83,100,88,3.89,TL,1589651260
81,barguzin,53.62,109.62,41.56,68,97,2.06,RU,1589651598
82,souillac,-20.52,57.52,71.6,88,20,2.24,MU,1589651598
83,loknya,56.83,30.15,43.29,90,93,8.32,RU,1589651598
84,colon,9.36,-79.9,89.6,66,20,5.82,PA,1589651599
85,kavaratti,10.57,72.64,85.73,80,100,13.53,IN,1589651599
86,mahalapye,-23.1,26.81,63.25,27,0,2.35,BW,1589651599
87,nanortalik,60.14,-45.24,40.37,83,99,4.32,GL,1589651599
88,mar del plata,-38.0,-57.56,77.0,38,0,14.99,AR,1589651599
89,kapaa,22.08,-159.32,75.2,83,20,11.41,US,1589651600
90,cidreira,-30.18,-50.21,69.31,51,0,13.11,BR,1589651353
91,iqaluit,63.75,-68.51,32.0,92,75,10.29,CA,1589651600
92,saskylakh,71.92,114.08,32.5,97,100,3.51,RU,1589651506
93,jiujiang,29.73,115.98,75.63,77,100,3.36,CN,1589651600
94,salalah,17.02,54.09,86.0,79,20,3.36,OM,1589651601
95,los llanos de aridane,28.66,-17.92,68.0,60,75,12.75,ES,1589651601
96,larsnes,62.2,5.58,39.99,89,100,18.01,NO,1589651601
97,qaanaaq,77.48,-69.36,32.05,93,0,0.81,GL,1589651264
98,jawhar,2.78,45.5,79.84,78,12,15.46,SO,1589651601
99,santa rosa,14.31,121.11,81.0,94,20,2.24,PH,1589651602
100,mwanza,-2.52,32.9,78.8,69,40,3.91,TZ,1589651602
101,bambanglipuro,-7.95,110.28,79.36,85,77,10.78,ID,1589651602
102,lebu,-37.62,-73.65,60.91,82,68,3.62,CL,1589651602
103,ransang,8.96,117.58,80.87,81,23,4.27,PH,1589651602
104,sharan,54.82,54.0,45.75,73,83,6.15,RU,1589651602
105,luderitz,-26.65,15.16,69.8,52,0,5.82,NA,1589651603
106,asau,46.43,26.4,54.0,72,25,2.19,RO,1589651603
107,cardonal,20.6,-99.13,80.6,20,0,9.62,MX,1589651603
108,togur,58.36,82.83,51.24,91,94,7.63,RU,1589651603
109,hobart,-42.88,147.33,52.0,76,11,5.82,AU,1589651102
110,huarmey,-10.07,-78.15,72.95,65,57,10.31,PE,1589651604
111,bilma,18.69,12.92,93.94,8,0,8.23,NE,1589651604
112,the valley,18.22,-63.06,89.6,52,40,10.29,AI,1589651315
113,bambous virieux,-20.34,57.76,73.0,88,20,2.24,MU,1589651266
114,bluff,-46.6,168.33,46.78,90,41,9.06,NZ,1589651605
115,jamestown,42.1,-79.24,66.0,63,20,9.17,US,1589651155
116,port elizabeth,-33.92,25.57,55.4,87,87,3.36,ZA,1589651605
117,port-cartier,50.03,-66.87,51.01,54,75,9.17,CA,1589651605
118,santa vitoria,-18.84,-50.12,76.24,69,69,7.52,BR,1589651605
119,pisco,-13.7,-76.22,66.2,82,90,8.05,PE,1589651605
120,sao filipe,14.9,-24.5,74.1,75,43,12.53,CV,1589651606
121,coquimbo,-29.95,-71.34,57.2,82,75,12.75,CL,1589651606
122,sargur,11.98,76.42,75.36,82,100,4.03,IN,1589651606
123,san andres,12.58,-81.7,89.6,66,40,14.99,CO,1589651606
124,yima,34.74,111.88,77.0,99,0,5.1,CN,1589651606
125,yulara,-25.24,130.99,48.2,42,0,8.05,AU,1589651607
126,ribeira grande,38.52,-28.7,66.2,93,75,10.29,PT,1589651264
127,khash,28.22,61.22,74.53,20,70,4.45,IR,1589651607
128,hervey bay,-25.3,152.85,62.01,91,6,5.99,AU,1589651607
129,aksarka,66.56,67.8,36.09,97,100,5.91,RU,1589651608
130,podporozhye,60.91,34.17,42.94,91,100,5.53,RU,1589651608
131,puerto ayora,-0.74,-90.35,80.6,74,20,11.41,EC,1589651261
132,klaksvik,62.23,-6.59,39.2,80,100,21.92,FO,1589651608
133,laguna,38.42,-121.42,73.0,40,1,8.05,US,1589651608
134,mmabatho,-25.85,25.63,62.6,27,0,5.82,ZA,1589651609
135,cherskiy,68.75,161.3,39.43,65,0,4.41,RU,1589651609
136,zyryanka,65.75,150.85,32.52,96,92,10.8,RU,1589651609
137,kitimat,54.05,-128.65,57.2,54,75,10.29,CA,1589651609
138,dali,25.7,100.18,60.22,72,71,4.81,CN,1589651609
139,usinsk,65.99,57.53,41.18,69,100,8.79,RU,1589651610
140,yuci,37.68,112.73,55.4,28,0,6.71,CN,1589651610
141,rimbey,52.63,-114.24,64.4,45,75,5.82,CA,1589651610
142,road town,18.42,-64.62,87.8,62,40,11.41,VG,1589651610
143,bonawon,9.13,122.92,82.13,77,16,3.42,PH,1589651611
144,hofn,64.25,-15.21,43.63,61,91,13.33,IS,1589651611
145,orlik,52.52,99.83,42.33,62,100,0.63,RU,1589651611
146,new norfolk,-42.78,147.06,51.01,85,18,3.0,AU,1589651611
147,esperance,-33.87,121.9,55.4,66,75,4.7,AU,1589651611
148,balkhash,46.84,74.98,64.74,51,97,3.09,KZ,1589651612
149,anadyr,64.75,177.48,32.0,94,75,4.47,RU,1589651612
150,port blair,11.67,92.75,81.72,86,100,16.96,IN,1589651612
151,norman wells,65.28,-126.83,28.4,58,75,16.11,CA,1589651612
152,sitka,57.05,-135.33,53.6,76,40,3.49,US,1589651612
153,inirida,3.87,-67.92,88.57,67,60,1.66,CO,1589651613
154,guadix,37.3,-3.14,57.0,73,99,3.31,ES,1589651613
155,tiksi,71.69,128.87,22.19,98,82,6.11,RU,1589651613
156,padang,-0.95,100.35,80.17,79,100,4.18,ID,1589651613
157,nyurba,63.28,118.33,49.44,71,100,2.8,RU,1589651613
158,felipe carrillo puerto,19.58,-88.05,95.05,43,8,7.16,MX,1589651614
159,grindavik,63.84,-22.43,50.0,43,0,18.34,IS,1589651614
160,nikolskoye,59.7,30.79,43.0,81,75,6.71,RU,1589651614
161,muros,42.78,-9.06,72.0,61,0,10.0,ES,1589651260
162,pundaguitan,6.37,126.17,83.37,78,16,13.51,PH,1589651614
163,suntar,62.14,117.63,49.96,65,100,2.73,RU,1589651614
164,codrington,-38.27,141.97,42.94,77,5,6.93,AU,1589651615
165,belmonte,-15.86,-38.88,78.8,78,75,5.82,BR,1589651615
166,nishihara,26.18,127.76,78.8,88,75,10.29,JP,1589651615
167,victoria,22.29,114.16,82.0,74,51,5.99,HK,1589651317
168,kabanjahe,3.1,98.49,67.17,97,100,1.74,ID,1589651615
169,banda aceh,5.56,95.32,79.12,90,98,19.08,ID,1589651430
170,rawson,-43.3,-65.1,66.7,33,81,18.99,AR,1589651616
171,bengkulu,-3.8,102.27,78.91,83,89,4.0,ID,1589651616
172,megalopoli,37.4,22.14,82.0,47,55,2.57,GR,1589651483
173,te anau,-45.42,167.72,38.97,79,0,0.69,NZ,1589651618
174,vila velha,-20.33,-40.29,71.6,88,90,3.36,BR,1589651452
175,donskoye,45.46,41.97,53.6,81,90,17.9,RU,1589651619
176,dingle,11.0,122.67,79.63,85,96,3.13,PH,1589651619
177,nome,64.5,-165.41,46.99,75,90,4.7,US,1589651619
178,baruun-urt,46.68,113.28,40.41,78,76,11.45,MN,1589651619
179,broken hill,-31.95,141.43,51.8,71,0,9.17,AU,1589651620
180,port hardy,50.7,-127.42,55.4,76,90,20.8,CA,1589651620
181,ilhabela,-23.78,-45.36,72.99,71,36,2.28,BR,1589651376
182,naze,28.37,129.48,75.2,100,90,8.05,JP,1589651620
183,half moon bay,37.46,-122.43,69.01,87,90,4.7,US,1589651620
184,barrow,71.29,-156.79,24.8,79,90,11.41,US,1589651261
185,roscommon,53.63,-8.18,49.24,87,100,7.81,IE,1589651621
186,necochea,-38.55,-58.74,78.01,44,0,7.0,AR,1589651621
187,vao,-22.67,167.48,72.19,76,89,13.31,NC,1589651621
188,touros,-5.2,-35.46,75.2,100,75,4.7,BR,1589651536
189,komsomolskiy,40.43,71.72,62.6,63,63,9.17,UZ,1589651622
190,havelock,34.88,-76.9,86.0,42,75,4.7,US,1589651622
191,vestmannaeyjar,63.44,-20.27,46.4,61,0,9.17,IS,1589651622
192,manicore,-5.81,-61.3,87.8,70,40,4.7,BR,1589651622
193,tuktoyaktuk,69.45,-133.04,24.8,85,90,11.41,CA,1589651623
194,labuhan,-6.88,112.21,78.73,89,84,6.13,ID,1589651623
195,bethel,41.37,-73.41,73.0,43,20,7.18,US,1589651386
196,krasnoselkup,65.7,82.47,45.36,95,100,2.04,RU,1589651623
197,pueblo,38.25,-104.61,70.0,48,20,8.05,US,1589651524
198,lagoa vermelha,-28.21,-51.53,62.33,57,0,4.9,BR,1589651623
199,gander,48.97,-54.59,41.0,75,75,10.29,CA,1589651624
200,sarangani,5.4,125.46,84.15,80,11,16.42,PH,1589651624
201,izhma,65.01,53.91,46.04,57,100,3.91,RU,1589651624
202,tuatapere,-46.13,167.68,43.7,85,0,4.32,NZ,1589651624
203,bakel,14.9,-12.46,109.58,10,9,8.66,SN,1589651624
204,voi,-3.39,38.56,71.69,67,9,8.41,KE,1589651625
205,brokopondo,4.75,-55.17,83.16,76,8,5.64,SR,1589651625
206,lompoc,34.64,-120.46,69.01,59,1,13.87,US,1589651500
207,cao bang,22.67,106.25,75.4,87,28,1.19,VN,1589651625
208,la ronge,55.1,-105.28,57.2,28,20,5.82,CA,1589651626
209,okato,-39.2,173.88,48.99,70,36,10.0,NZ,1589651626
210,planaltina,-15.45,-47.61,71.01,94,75,12.75,BR,1589651626
211,charlestown,-32.95,151.67,55.0,90,73,1.66,AU,1589651626
212,cabay,13.88,121.38,79.0,95,100,0.94,PH,1589651626
213,torzhok,57.04,34.96,45.21,84,70,7.74,RU,1589651627
214,manuk mangkaw,4.8,119.85,84.9,80,48,11.01,PH,1589651628
215,inhambane,-23.86,35.38,73.4,78,2,4.7,MZ,1589651628
216,faanui,-16.48,-151.75,82.13,75,32,7.76,PF,1589651269
217,ilulissat,69.22,-51.1,30.2,92,90,6.93,GL,1589651629
218,carnarvon,-24.87,113.63,69.84,24,14,9.93,AU,1589651629
219,saint-pierre,-21.34,55.48,75.2,78,90,4.7,RE,1589651630
220,dauriya,49.93,116.87,50.63,91,100,9.35,RU,1589651630
221,shingu,33.73,135.98,63.28,94,100,0.85,JP,1589651630
222,manica,49.0,-1.17,59.0,10,32,1.99,FR,1589651630
223,nhulunbuy,-12.23,136.77,78.8,78,75,11.41,AU,1589651630
224,joshimath,30.57,79.57,56.01,37,4,6.24,IN,1589651630
225,margate,51.38,1.39,60.01,49,76,1.01,GB,1589651631
226,alexandria,31.22,29.96,80.6,47,56,9.17,EG,1589651573
227,isangel,-19.55,169.27,72.16,84,38,12.08,VU,1589651631
228,vikhorevka,56.12,101.16,41.0,44,100,4.47,RU,1589651631
229,sao jose da coroa grande,-8.9,-35.15,82.54,70,27,8.25,BR,1589651632
230,san javier,37.81,-0.84,66.99,77,69,5.82,ES,1589651632
231,mineiros,-17.57,-52.55,75.22,65,50,4.79,BR,1589651632
232,kutum,14.2,24.67,80.74,15,2,6.58,SD,1589651632
233,moree,-29.47,149.85,51.8,76,31,7.34,AU,1589651633
234,rapar,23.57,70.63,84.27,59,0,18.68,IN,1589651633
235,jacareacanga,-6.22,-57.75,91.45,51,91,3.0,BR,1589651633
236,clyde,41.3,-82.98,69.01,84,100,3.0,US,1589651633
237,fairbanks,64.84,-147.72,51.01,39,1,3.36,US,1589651500
238,pasni,25.26,63.47,81.82,78,0,12.06,PK,1589651634
239,khatanga,71.97,102.5,31.21,97,77,11.18,RU,1589651634
240,san felix,-32.33,-58.13,80.01,41,1,1.99,UY,1589651634
241,kota kinabalu,5.97,116.07,82.99,94,20,3.36,MY,1589651634
242,vanavara,60.34,102.28,38.62,68,49,2.01,RU,1589651635
243,bonthe,7.53,-12.51,85.3,72,75,10.56,SL,1589651635
244,salaya,22.32,69.6,81.63,81,0,14.38,IN,1589651635
245,sidi ali,36.1,0.42,63.45,73,17,12.15,DZ,1589651635
246,yermakovskoye,53.28,92.4,57.38,77,99,4.25,RU,1589651635
247,pacific grove,36.62,-121.92,71.01,63,1,4.7,US,1589651636
248,bandarbeyla,9.49,50.81,83.73,80,0,26.33,SO,1589651636
249,emerald,-23.53,148.17,57.2,47,19,6.93,AU,1589651636
250,jalingo,8.88,11.37,90.72,43,97,4.81,NG,1589651638
251,mitu,1.2,-70.17,81.88,78,98,4.18,CO,1589651639
252,sai buri,6.7,101.62,81.01,85,95,4.41,TH,1589651639
253,talavera,15.62,120.93,78.8,88,75,2.24,PH,1589651639
254,broome,42.25,-75.83,64.99,59,75,12.75,US,1589651639
255,sinnamary,5.38,-52.95,80.64,85,79,15.05,GF,1589651639
256,ponta do sol,32.67,-17.1,64.4,55,40,10.29,PT,1589651640
257,miri,4.41,114.01,80.6,94,75,3.36,MY,1589651640
258,dumingag,8.17,123.35,77.68,84,58,1.59,PH,1589651640
259,leningradskiy,69.38,178.42,24.21,97,62,2.62,RU,1589651640
260,honiara,-9.43,159.95,77.0,100,75,2.24,SB,1589651640
261,clyde river,70.47,-68.59,23.0,100,40,2.24,CA,1589651267
262,tezu,27.92,96.17,75.4,60,79,4.18,IN,1589651641
263,nkhotakota,-12.93,34.3,70.47,54,0,6.17,MW,1589651641
264,bargarh,21.33,83.62,92.98,27,55,5.5,IN,1589651641
265,itarema,-2.92,-39.92,82.74,80,13,9.13,BR,1589651641
266,tukrah,32.53,20.58,82.71,30,0,14.58,LY,1589651642
267,hambantota,6.12,81.12,83.1,77,100,21.85,LK,1589651642
268,mount isa,-20.73,139.5,66.2,37,40,6.93,AU,1589651642
269,bindura,-17.3,31.33,59.02,41,3,3.33,ZW,1589651642
270,mahibadhoo,3.78,72.97,84.67,77,95,18.16,MV,1589651643
271,manokwari,-0.87,134.08,81.73,71,67,4.76,ID,1589651643
272,berlevag,70.86,29.09,34.48,94,100,11.43,NO,1589651268
273,omsukchan,62.53,155.8,30.52,97,100,5.12,RU,1589651644
274,masuguru,-11.37,38.42,71.53,57,0,3.15,TZ,1589651644
275,coxim,-18.51,-54.76,80.51,49,70,3.13,BR,1589651379
276,sarh,9.14,18.39,96.8,41,20,4.7,TD,1589651645
277,aklavik,68.22,-135.01,28.4,74,75,6.93,CA,1589651266
278,santander,43.46,-3.8,62.6,72,40,3.36,ES,1589651646
279,boundiali,9.52,-6.49,92.39,41,90,5.44,CI,1589651646
280,caravelas,-17.71,-39.25,73.11,91,96,6.55,BR,1589651646
281,kavieng,-2.57,150.8,83.01,77,69,12.71,PG,1589651646
282,monrovia,6.3,-10.8,86.0,84,75,9.17,LR,1589651647
283,qorveh,35.17,47.8,61.43,36,0,3.36,IR,1589651647
284,mehran,33.12,46.16,69.8,32,0,2.24,IR,1589651647
285,milton keynes,52.04,-0.76,61.0,100,73,5.66,GB,1589651502
286,byron bay,-28.65,153.62,59.0,93,40,8.05,AU,1589651647
287,borogontsy,62.67,131.17,41.83,83,0,3.98,RU,1589651648
288,dekar,-21.53,21.93,64.45,27,0,6.06,BW,1589651648
289,fukue,32.69,128.84,66.52,95,62,4.65,JP,1589651648
290,tavda,58.04,65.27,51.04,84,49,6.26,RU,1589651648
291,longyearbyen,78.22,15.64,37.4,69,0,3.36,SJ,1589651648
292,derzhavinsk,51.1,66.32,58.48,80,73,7.99,KZ,1589651649
293,atuona,-9.8,-139.03,80.89,76,6,13.82,PF,1589651261
294,saint-philippe,-21.36,55.77,75.2,78,90,4.7,RE,1589651649
295,hualmay,-11.1,-77.61,71.53,65,7,9.33,PE,1589651649
296,dikson,73.51,80.55,29.77,97,89,10.16,RU,1589651258
297,campbell river,50.02,-125.24,54.0,93,90,10.29,CA,1589651470
298,pangnirtung,66.15,-65.71,33.8,69,20,5.82,CA,1589651650
299,yendi,9.44,-0.01,95.45,41,70,6.82,GH,1589651378
300,siirt,37.93,41.94,80.6,39,0,12.75,TR,1589651650
301,bathsheba,13.22,-59.52,87.8,62,40,20.8,BB,1589651650
302,axim,4.87,-2.24,83.62,76,80,8.12,GH,1589651651
303,agadez,19.75,10.25,94.46,9,0,9.73,NE,1589651651
304,timmendorfer strand,54.0,10.78,57.2,47,43,6.93,DE,1589651651
305,biloela,-24.42,150.5,57.13,91,0,11.43,AU,1589651634
306,port hedland,-20.32,118.57,62.6,18,16,9.17,AU,1589651651
307,sechura,-5.56,-80.82,80.51,54,25,10.89,PE,1589651652
308,kashi,39.45,75.98,64.4,39,40,24.61,CN,1589651652
309,itupeva,-23.15,-47.06,75.2,38,20,9.17,BR,1589651652
310,ahvaz,31.32,48.67,93.2,17,1,4.7,IR,1589651652
311,meiganga,6.52,14.3,70.09,89,86,3.96,CM,1589651653
312,hay river,60.82,-115.8,35.6,74,75,4.7,CA,1589651653
313,nabire,-3.37,135.48,77.31,86,84,2.89,ID,1589651653
314,rocky mountain house,52.37,-114.92,65.91,37,35,2.24,CA,1589651653
315,odesskoye,54.21,72.97,65.55,57,81,11.59,RU,1589651654
316,san patricio,19.22,-104.7,82.4,74,5,5.82,MX,1589651654
317,buchanan,5.88,-10.05,86.0,84,75,9.17,LR,1589651654
318,santa maria,-29.68,-53.81,73.4,38,0,10.29,BR,1589650970
319,chicama,-7.84,-79.15,77.61,59,77,9.44,PE,1589651654
320,meulaboh,4.14,96.13,77.85,94,95,5.39,ID,1589651655
321,pevek,69.7,170.31,28.17,93,0,3.89,RU,1589651655
322,khorixas,-20.37,14.97,75.33,19,0,10.76,NA,1589651655
323,zhangye,38.93,100.45,63.82,25,0,1.95,CN,1589651655
324,mattru,7.62,-11.83,83.86,76,71,6.13,SL,1589651655
325,vostok,46.49,135.88,46.08,100,98,2.57,RU,1589651656
326,chegdomyn,51.12,133.02,36.79,81,2,2.84,RU,1589651656
327,inyonga,-6.72,32.07,68.09,82,7,2.21,TZ,1589651493
328,college,64.86,-147.8,52.0,37,75,14.99,US,1589651656
329,luau,-10.71,22.22,70.41,56,39,2.35,AO,1589651656
330,lillesand,58.25,8.38,48.2,57,40,16.11,NO,1589651657
331,khani,41.96,42.96,68.0,72,64,20.8,GE,1589651657
332,edd,13.93,41.69,87.62,61,4,4.43,ER,1589651657
333,guerrero negro,27.98,-114.06,69.06,61,87,12.82,MX,1589651657
334,tura,25.52,90.22,78.26,65,22,5.17,IN,1589651657
335,lasa,46.62,10.7,51.8,76,40,4.7,IT,1589651658
336,westport,41.14,-73.36,73.99,38,1,13.87,US,1589651658
337,chaihe,44.77,129.7,49.19,89,29,0.25,CN,1589651658
338,mehamn,71.04,27.85,34.25,94,100,13.73,NO,1589651658
339,gemena,3.25,19.77,79.74,73,54,3.27,CD,1589651659
340,kaeo,-35.1,173.78,52.0,3,25,1.99,NZ,1589651659
341,queenstown,-31.9,26.88,45.79,50,44,1.07,ZA,1589651659
342,marshall,34.38,-86.33,81.0,50,40,3.36,US,1589651520
343,kitgum,3.28,32.89,69.73,88,32,2.44,UG,1589651660
344,allapalli,19.42,80.07,89.17,39,60,4.03,IN,1589651660
345,shache,38.42,77.24,67.82,40,95,22.62,CN,1589651660
346,penhold,52.13,-113.87,64.4,38,75,5.82,CA,1589651660
347,villa maria,-32.41,-63.24,82.51,27,0,12.21,AR,1589651660
348,sovetskiy,61.36,63.58,52.61,50,85,2.71,RU,1589651661
349,macultepec,18.17,-92.83,93.2,52,5,7.38,MX,1589651661
350,ushtobe,45.25,77.98,65.43,43,95,8.75,KZ,1589651661
351,omutninsk,58.67,52.19,40.53,78,7,3.96,RU,1589651661
352,timon,-5.09,-42.84,87.8,70,40,3.36,BR,1589651661
353,sibay,52.72,58.67,49.87,81,37,6.11,RU,1589651662
354,zabid,14.2,43.32,92.12,47,5,6.89,YE,1589651662
355,kuusankoski,60.91,26.62,39.2,93,90,9.17,FI,1589651662
356,maua,-23.67,-46.46,73.4,46,20,8.05,BR,1589651378
357,richards bay,-28.78,32.04,63.14,70,16,0.85,ZA,1589651662
358,carlisle,40.2,-77.19,72.0,59,98,5.01,US,1589651370
359,poum,-20.23,164.02,74.14,75,100,10.6,NC,1589651663
360,peterhead,57.51,-1.8,57.2,47,86,8.05,GB,1589651663
361,okhotsk,59.38,143.3,35.6,86,97,5.91,RU,1589651663
362,gambela,8.25,34.58,73.76,91,98,2.95,ET,1589651663
363,griffith,41.53,-87.42,69.01,72,1,8.77,US,1589651664
364,pahrump,36.21,-115.98,86.0,19,6,1.01,US,1589651494
365,opuwo,-18.06,13.84,69.24,24,0,9.51,NA,1589651664
366,sakaiminato,35.55,133.23,62.6,93,90,4.7,JP,1589651664
367,shaowu,27.34,117.48,71.26,90,99,0.81,CN,1589651664
368,beringovskiy,63.05,179.32,29.26,97,95,14.09,RU,1589651665
369,cabedelo,-6.98,-34.83,77.0,100,75,5.82,BR,1589651665
370,narsaq,60.92,-46.05,51.8,27,75,16.11,GL,1589651665
371,itaguai,-22.85,-43.78,75.2,69,20,8.05,BR,1589651665
372,otradnoye,59.78,30.82,43.0,81,75,6.71,RU,1589651665
373,darhan,49.49,105.92,42.08,61,47,8.75,MN,1589651666
374,aykhal,66.0,111.5,39.2,93,90,4.47,RU,1589651666
375,palestine,31.92,35.2,93.2,15,89,11.41,PS,1589651666
376,benjamin constant,-4.38,-70.03,77.0,88,90,4.7,BR,1589651666
377,semirom,31.42,51.57,59.81,33,61,2.59,IR,1589651667
378,ruy barbosa,-12.28,-40.49,84.07,53,51,3.98,BR,1589651667
379,alofi,-19.06,-169.92,69.8,94,81,2.24,NU,1589651667
380,abony,47.19,20.0,64.4,51,100,6.93,HU,1589651667
381,sonari,27.07,95.03,74.07,83,61,2.91,IN,1589651667
382,kantabanji,20.48,82.92,90.61,31,91,6.26,IN,1589651668
383,ariyalur,11.13,79.08,89.6,62,40,9.17,IN,1589651668
384,abapo,-18.83,-63.47,82.76,24,0,7.36,BO,1589651668
385,kamenka,51.32,42.77,48.99,82,38,1.99,RU,1589651668
386,makakilo city,21.35,-158.09,77.0,73,1,3.36,US,1589651540
387,salinopolis,-0.61,-47.36,79.3,82,100,13.35,BR,1589651669
388,erzin,36.96,36.2,80.01,71,0,2.04,TR,1589651669
389,ponca city,36.71,-97.09,72.0,73,1,5.82,US,1589651607
390,araouane,18.9,-3.53,99.72,10,0,8.79,ML,1589651670
391,matara,5.95,80.54,81.86,83,100,14.85,LK,1589651670
392,cuamba,-14.8,36.54,64.09,60,0,6.82,MZ,1589651670
393,sisimiut,66.94,-53.67,46.04,56,0,18.3,GL,1589651670
394,taoudenni,22.68,-3.98,92.55,11,0,11.23,ML,1589651582
395,zhuji,29.72,120.24,75.2,94,100,2.24,CN,1589651671
396,langxiang,46.95,128.88,50.58,82,64,2.15,CN,1589651671
397,bohuslav,49.55,30.87,51.21,82,19,8.57,UA,1589651671
398,kondoa,-4.9,35.78,63.36,90,14,4.81,TZ,1589651671
399,verkhnetulomskiy,68.61,31.8,37.4,69,87,4.47,RU,1589651671
400,lorengau,-2.02,147.27,82.67,80,58,8.25,PG,1589651672
401,rocha,-34.48,-54.33,72.72,54,0,14.94,UY,1589651672
402,erenhot,43.65,111.98,44.46,58,89,16.08,CN,1589651672
403,kalat,29.02,66.59,62.76,29,0,17.54,PK,1589651672
404,gamba,-2.65,10.0,79.83,89,56,6.73,GA,1589651672
405,tonantins,-2.87,-67.8,75.45,96,100,4.72,BR,1589651672
406,ekibastuz,51.67,75.37,65.64,53,46,8.66,KZ,1589651673
407,ahipara,-35.17,173.17,54.37,86,7,7.18,NZ,1589651673
408,vanimo,-2.67,141.3,79.18,83,99,7.65,PG,1589651673
409,ajdabiya,30.76,20.23,81.27,33,0,11.18,LY,1589651673
410,danane,7.26,-8.15,86.95,61,55,3.62,CI,1589651673
411,grand-santi,4.25,-54.38,82.85,87,53,5.12,GF,1589651674
412,leshukonskoye,64.9,45.76,40.32,81,100,1.57,RU,1589651674
413,terrace,54.52,-128.6,57.2,54,75,10.29,CA,1589651674
414,sioux lookout,50.1,-91.92,53.6,62,75,2.24,CA,1589651424
415,kahului,20.89,-156.47,77.0,65,20,13.87,US,1589651415
416,kizema,61.11,44.83,40.69,81,75,3.78,RU,1589651675
417,egvekinot,66.32,-179.17,25.07,96,5,16.15,RU,1589651675
418,bilibino,68.05,166.44,26.71,87,0,6.33,RU,1589651675
419,ugoofaaru,5.67,73.0,84.25,76,100,13.98,MV,1589651675
420,naryan-mar,67.67,53.09,42.28,75,97,11.32,RU,1589651675
421,moose factory,51.26,-80.61,37.4,69,75,6.93,CA,1589651676
422,itatiaia,-22.5,-44.56,73.89,74,22,2.39,BR,1589651676
423,letlhakane,-21.42,25.58,64.31,27,11,8.99,BW,1589651676
424,havre-saint-pierre,50.23,-63.6,51.8,50,75,9.17,CA,1589651676
425,husavik,66.04,-17.34,39.2,69,90,17.22,IS,1589651676
426,rio cuarto,-33.13,-64.35,91.4,15,2,14.99,AR,1589651677
427,esso,55.93,158.7,25.27,94,60,3.53,RU,1589651677
428,mastic beach,40.77,-72.85,71.6,40,1,11.41,US,1589651677
429,cove,7.22,2.34,86.41,63,59,9.19,BJ,1589651677
430,alice,27.75,-98.07,75.2,78,75,3.36,US,1589651677
431,manaure,11.78,-72.44,98.6,44,75,11.41,CO,1589651677
432,xam nua,20.42,104.04,71.87,65,41,2.57,LA,1589651678
433,bolivar,37.61,-93.41,75.99,68,81,8.68,US,1589651678
434,portland,45.52,-122.68,59.0,82,90,5.82,US,1589651657
435,eureka,40.8,-124.16,62.01,79,100,1.99,US,1589651678
436,sambava,-14.27,50.17,76.86,85,13,8.77,MG,1589651678
437,umba,66.69,34.34,36.88,89,77,5.57,RU,1589651679
438,sorland,67.67,12.69,40.69,70,6,18.7,NO,1589651679
439,onguday,50.75,86.15,53.26,76,18,2.01,RU,1589651679
440,constitucion,-35.33,-72.42,65.73,60,7,16.91,CL,1589651679
441,ivdel,60.69,60.42,49.1,80,79,4.29,RU,1589651679
442,bossangoa,6.49,17.46,78.3,75,50,4.94,CF,1589651679
443,utete,-7.99,38.76,70.97,91,17,4.03,TZ,1589651680
444,nampula,-15.12,39.27,63.19,76,1,6.26,MZ,1589651680
445,crawley,51.11,-0.18,62.6,39,81,11.41,GB,1589651680
446,mont-joli,48.58,-68.19,59.0,35,20,4.7,CA,1589651680
447,hammerfest,70.66,23.68,37.4,86,85,19.46,NO,1589651451
448,avera,33.19,-82.53,82.4,48,75,10.29,US,1589651267
449,gogrial,8.53,28.1,87.76,47,57,9.19,SS,1589651681
450,henties bay,-22.12,14.28,59.0,90,0,1.99,NA,1589651681
451,high rock,26.62,-78.28,82.4,78,75,19.46,BS,1589651681
452,vardo,70.37,31.11,34.29,95,100,11.5,NO,1589651681
453,bardiyah,31.76,25.09,74.59,57,0,6.98,LY,1589651681
454,oppdal,62.59,9.69,32.67,89,98,5.1,NO,1589651682
455,nizhniy odes,63.64,54.86,44.64,58,100,5.68,RU,1589651682
456,tortoli,39.93,9.66,69.8,52,75,13.87,IT,1589651682
457,huilong,31.81,121.66,73.0,95,100,5.7,CN,1589651682
458,mount abu,24.59,72.71,74.1,30,6,5.95,IN,1589651682
459,castro,-24.79,-50.01,68.31,42,0,5.01,BR,1589651257
460,bikramganj,25.2,84.25,92.61,19,0,5.44,IN,1589651683
461,bulgan,48.81,103.53,35.76,73,0,3.2,MN,1589651683
462,xinzhou,38.41,112.73,55.26,33,0,3.47,CN,1589651683
463,peruibe,-24.32,-47.0,72.64,66,0,4.36,BR,1589651523
464,labytnangi,66.66,66.42,35.1,95,100,4.79,RU,1589651684
465,kushiro,42.98,144.37,46.49,96,100,7.65,JP,1589651684
466,vagay,57.94,69.02,52.52,78,87,4.59,RU,1589651684
467,mayumba,-3.43,10.66,79.65,90,19,5.86,GA,1589651686
468,skjervoy,70.03,20.97,39.06,74,5,8.12,NO,1589651686
469,verkh-chebula,56.03,87.62,57.9,76,59,11.68,RU,1589651686
470,eregli,37.51,34.05,77.77,23,3,8.37,TR,1589651686
471,grand gaube,-20.01,57.66,73.0,79,1,5.01,MU,1589651686
472,tautira,-17.73,-149.15,82.4,74,75,10.29,PF,1589651687
473,brooks,50.58,-111.89,66.99,36,20,4.0,CA,1589651687
474,fushun,41.86,123.92,59.0,100,90,6.71,CN,1589651687
475,gushikawa,26.35,127.87,78.8,94,90,6.93,JP,1589651687
476,kazan,55.79,49.12,46.4,52,27,4.47,RU,1589651528
477,gwadar,25.12,62.33,82.83,75,0,10.0,PK,1589651688
478,tobane,-21.95,27.9,68.0,49,0,11.12,BW,1589651688
479,kyaikto,17.3,97.02,86.5,65,89,2.39,MM,1589651688
480,buckeye,33.37,-112.58,91.99,19,1,5.97,US,1589651402
481,ibra,22.69,58.53,78.96,51,0,2.62,OM,1589651689
482,dhone,15.42,77.88,87.13,42,99,2.19,IN,1589651689
483,wahiawa,21.5,-158.02,77.0,88,20,5.82,US,1589651689
484,dunedin,-45.87,170.5,44.01,83,0,3.83,NZ,1589651414
485,ripoll,42.2,2.19,59.0,1,88,1.16,ES,1589651689
486,manta,-0.95,-80.73,84.2,70,75,9.17,EC,1589651689
487,pochutla,15.74,-96.47,93.0,52,5,11.41,MX,1589651690
488,dharchula,29.85,80.53,65.57,39,19,6.33,IN,1589651690
489,katsuura,35.13,140.3,64.4,93,75,6.93,JP,1589651690
490,adjuntas,18.16,-66.8,87.01,67,2,8.99,PR,1589651690
491,fare,-16.7,-151.02,82.63,75,34,9.1,PF,1589651690
492,la cruz,23.92,-106.9,84.0,63,0,8.01,MX,1589651691
493,wairoa,-39.03,177.37,51.01,99,74,1.99,NZ,1589651691
494,tubuala,9.52,-79.03,89.6,66,40,8.05,PA,1589651691
495,cam ranh,11.92,109.16,86.0,74,20,4.7,VN,1589651691
496,nizhnetroitskiy,54.34,53.68,46.72,70,97,5.46,RU,1589651692
497,miyako,39.64,141.95,55.74,91,90,1.7,JP,1589651692
498,colesberg,-30.72,25.1,50.16,46,11,0.92,ZA,1589651692
499,cliza,-17.6,-65.93,69.8,22,0,3.36,BO,1589651692
500,amahai,-3.33,128.92,79.95,85,24,4.16,ID,1589651692
501,maroantsetra,-15.43,49.73,76.78,83,95,4.29,MG,1589651692
502,abong mbang,3.98,13.18,76.14,77,99,3.06,CM,1589651693
503,quang ngai,15.12,108.8,75.83,91,35,4.47,VN,1589651693
504,camacha,33.08,-16.33,66.2,55,40,14.99,PT,1589651693
505,port hueneme,34.15,-119.2,75.99,68,1,6.93,US,1589651693
506,mongoumba,3.64,18.59,80.78,70,55,3.22,CF,1589651693
507,chimbote,-9.09,-78.58,72.3,69,76,10.76,PE,1589651568
508,ercis,39.03,43.36,60.8,59,24,1.43,TR,1589651694
509,otjimbingwe,-22.35,16.13,70.81,23,0,1.3,NA,1589651694
510,duldurga,50.68,113.59,45.75,84,98,6.98,RU,1589651694
511,buin,-33.73,-70.75,75.99,27,0,2.24,CL,1589651695
512,asasa,7.1,39.2,56.44,74,26,3.33,ET,1589651695
513,mount gambier,-37.83,140.77,37.4,93,0,6.93,AU,1589651695
514,ranong,9.97,98.63,82.85,79,97,5.64,TH,1589651695
515,coihaique,-45.58,-72.07,50.0,76,75,8.05,CL,1589651553
516,saint-denis,48.92,2.33,66.99,39,94,6.93,FR,1589651696
517,haines junction,60.75,-137.51,50.58,61,92,1.77,CA,1589651696
518,gizo,-8.1,156.84,82.65,78,46,8.57,SB,1589651696
519,cayenne,4.93,-52.33,84.2,74,90,12.75,GF,1589651696
520,barcelos,41.54,-8.62,72.0,64,20,12.75,PT,1589651696
521,svetlaya,46.54,138.33,40.95,89,100,11.45,RU,1589651697
522,faya,18.39,42.45,71.6,37,98,4.7,SA,1589651697
523,labuan,5.28,115.24,80.6,94,90,4.88,MY,1589651697
524,la libertad,-2.23,-80.9,80.6,69,16,6.93,EC,1589651697
525,pangai,-19.8,-174.35,77.45,70,100,10.42,TO,1589651698
526,monte alegre de minas,-18.87,-48.88,74.25,73,59,8.3,BR,1589651698
527,el alto,-4.27,-81.21,82.4,58,19,17.22,PE,1589651698
528,antonina,-25.43,-48.71,72.0,52,0,8.05,BR,1589651698
529,mareeba,-17.0,145.43,71.6,83,75,10.29,AU,1589651699
530,tierranueva,21.68,-100.57,81.97,16,0,17.09,MX,1589651699
531,brigantine,39.41,-74.36,78.01,50,75,11.41,US,1589651699
532,nantucket,41.28,-70.1,68.0,49,1,19.46,US,1589651595
533,rumphi,-11.02,33.86,60.66,74,0,3.15,MW,1589651700
534,antsohihy,-14.88,47.99,74.61,83,38,1.1,MG,1589651700
535,ulladulla,-35.35,150.47,53.6,100,90,5.82,AU,1589651700
536,ariquemes,-9.91,-63.04,87.04,61,66,4.12,BR,1589651424
537,palanga,55.92,21.07,48.2,81,91,12.75,LT,1589651701
538,alihe,50.57,123.72,45.93,57,0,4.32,CN,1589651701
539,auriflama,-20.69,-50.55,76.15,60,30,5.73,BR,1589651701
540,cardedeu,41.64,2.36,71.01,76,85,1.99,ES,1589651701
541,ornskoldsvik,63.29,18.72,42.8,56,99,4.7,SE,1589651701
542,isabela,6.71,121.97,80.76,84,36,2.24,PH,1589651702
543,palmer,42.16,-72.33,71.01,43,75,8.05,US,1589651702
544,san pedro,14.35,121.02,81.0,94,20,2.24,PH,1589651702
545,sakaraha,-22.9,44.53,60.73,71,0,6.33,MG,1589651702
546,zhanaozen,43.3,52.8,64.04,66,68,12.28,KZ,1589651702
547,pierre,44.37,-100.35,53.01,93,90,14.99,US,1589651701
548,roura,4.73,-52.33,84.2,74,90,12.75,GF,1589651703
549,magnitogorsk,53.42,59.05,53.6,62,40,11.18,RU,1589651703
550,menongue,-14.66,17.69,61.39,49,0,4.34,AO,1589651703
551,cravo norte,6.3,-70.2,84.52,73,91,4.94,CO,1589651703
552,xining,36.62,101.77,52.38,45,25,2.15,CN,1589651703
553,gaoyou,32.79,119.43,75.0,78,100,8.43,CN,1589651704
554,ostrovnoy,68.05,39.51,31.6,97,97,4.12,RU,1589651704
555,zhenhai,24.26,118.09,82.4,83,0,4.47,CN,1589651704
556,porbandar,21.64,69.61,81.46,85,0,13.4,IN,1589651704
557,atar,20.52,-13.05,92.1,13,0,12.01,MR,1589651704
558,petropavlovsk-kamchatskiy,53.05,158.65,37.4,86,75,2.24,RU,1589651705
559,bontang,0.13,117.5,81.23,85,100,6.98,ID,1589651567
560,nueva italia,-25.62,-57.5,77.0,25,0,2.24,PY,1589651705
561,dolinsk,47.35,142.8,39.2,93,90,17.9,RU,1589651705
562,dehui,44.53,125.7,57.2,71,20,2.24,CN,1589651705
563,peniche,39.36,-9.38,72.0,65,1,10.0,PT,1589651706
564,kusti,13.16,32.66,92.93,28,81,10.22,SD,1589651706
565,kalmunai,7.42,81.82,82.06,84,100,4.27,LK,1589651706
566,chkalovskoye,44.84,133.04,48.85,94,53,2.3,RU,1589651706
567,petropavlivka,48.46,36.44,50.67,77,33,6.46,UA,1589651706
568,manado,1.49,124.85,77.0,94,20,1.12,ID,1589651707
569,kondinskoye,59.65,67.41,50.4,77,51,7.02,RU,1589651707
570,ketchikan,55.34,-131.65,53.6,71,90,5.82,US,1589651707
